{
  "timestamp": "2026-01-30T00:22:02.934802",
  "python_version": "3.13.5 (main, Jun 11 2025, 15:36:57) [Clang 17.0.0 (clang-1700.0.13.3)]",
  "results": [
    {
      "name": "Simple Addition",
      "category": "arithmetic",
      "expression": "(+ 1 2 3 4 5)",
      "iterations": 5000,
      "full_mean": 2.6151944417506456e-05,
      "full_median": 2.570776268839836e-05,
      "full_std_dev": 2.1433577839215227e-06,
      "compile_mean": 2.2633597254753112e-05,
      "compile_median": 2.258317545056343e-05,
      "compile_std_dev": 4.627439375338276e-07,
      "exec_mean": 3.628596384078264e-06,
      "exec_median": 3.6247074604034424e-06,
      "exec_std_dev": 2.112902776826134e-07,
      "ops_per_sec": 38238.07453990254,
      "compile_time_ms": 0.022633597254753113,
      "exec_time_ms": 0.003628596384078264,
      "overhead_time_ms": -0.00011024922132491996
    },
    {
      "name": "Nested Arithmetic",
      "category": "arithmetic",
      "expression": "(* (+ 1 2 3) (- 10 5) (/ 20 4))",
      "iterations": 5000,
      "full_mean": 5.487867258489132e-05,
      "full_median": 5.441717803478241e-05,
      "full_std_dev": 1.2296781348944898e-06,
      "compile_mean": 4.9880750477314e-05,
      "compile_median": 4.9291178584098816e-05,
      "compile_std_dev": 1.626297051875722e-06,
      "exec_mean": 7.077656593173742e-06,
      "exec_median": 6.9588422775268555e-06,
      "exec_std_dev": 3.3198199970966997e-07,
      "ops_per_sec": 18222.015090709585,
      "compile_time_ms": 0.049880750477313995,
      "exec_time_ms": 0.007077656593173742,
      "overhead_time_ms": -0.002079734485596417
    },
    {
      "name": "Deep Nesting",
      "category": "arithmetic",
      "expression": "(+ (* (- (/ 100 5) 3) 2) (- (* 7 3) (/ 42 6)))",
      "iterations": 5000,
      "full_mean": 8.300763191655278e-05,
      "full_median": 8.19377601146698e-05,
      "full_std_dev": 3.173841388931039e-06,
      "compile_mean": 7.650732453912496e-05,
      "compile_median": 7.762480527162552e-05,
      "compile_std_dev": 2.4242574415332974e-06,
      "exec_mean": 1.0734000988304615e-05,
      "exec_median": 1.0708346962928772e-05,
      "exec_std_dev": 3.629985439772699e-07,
      "ops_per_sec": 12047.085031955807,
      "compile_time_ms": 0.07650732453912497,
      "exec_time_ms": 0.010734000988304616,
      "overhead_time_ms": -0.004233693610876804
    },
    {
      "name": "Many Operations",
      "category": "arithmetic",
      "expression": "(+ 1 2 3 4 5 6 7 8 9 10 11 12 13 14 15 16 17 18 19 20)",
      "iterations": 5000,
      "full_mean": 7.549340529367327e-05,
      "full_median": 7.674982771277428e-05,
      "full_std_dev": 2.5245772410367153e-06,
      "compile_mean": 7.031902028247714e-05,
      "compile_median": 7.11251050233841e-05,
      "compile_std_dev": 2.196400348244243e-06,
      "exec_mean": 7.734754309058189e-06,
      "exec_median": 7.708091288805008e-06,
      "exec_std_dev": 2.179876758971128e-07,
      "ops_per_sec": 13246.190128925142,
      "compile_time_ms": 0.07031902028247715,
      "exec_time_ms": 0.007734754309058189,
      "overhead_time_ms": -0.0025603692978620612
    },
    {
      "name": "Simple Let",
      "category": "let",
      "expression": "(let ((x 5) (y 10)) (+ x y))",
      "iterations": 5000,
      "full_mean": 4.744320986792445e-05,
      "full_median": 4.766695201396942e-05,
      "full_std_dev": 1.587479528521904e-06,
      "compile_mean": 4.222767949104309e-05,
      "compile_median": 4.233280196785927e-05,
      "compile_std_dev": 1.0775076851799787e-06,
      "exec_mean": 4.0889313444495205e-06,
      "exec_median": 4.082918167114258e-06,
      "exec_std_dev": 3.015785778159597e-07,
      "ops_per_sec": 21077.831849570597,
      "compile_time_ms": 0.04222767949104309,
      "exec_time_ms": 0.004088931344449521,
      "overhead_time_ms": 0.001126599032431834
    },
    {
      "name": "Let Many Bindings",
      "category": "let",
      "expression": "(let ((a 1) (b 2) (c 3) (d 4) (e 5) (f 6) (g 7) (h 8) (i 9) (j 10)) (+ a b c d e f g h i j))",
      "iterations": 3000,
      "full_mean": 0.00013921405343959728,
      "full_median": 0.0001399582251906395,
      "full_std_dev": 3.50409490091667e-06,
      "compile_mean": 0.00013171687365199128,
      "compile_median": 0.00013195769861340523,
      "compile_std_dev": 2.347804674495085e-06,
      "exec_mean": 1.0055315836022298e-05,
      "exec_median": 1.0041054338216782e-05,
      "exec_std_dev": 3.314058004763134e-07,
      "ops_per_sec": 7183.182841765927,
      "compile_time_ms": 0.13171687365199128,
      "exec_time_ms": 0.010055315836022297,
      "overhead_time_ms": -0.0025581360484162874
    },
    {
      "name": "Nested Let",
      "category": "let",
      "expression": "(let ((x 5)) (let ((y 10)) (let ((z 15)) (+ x y z))))",
      "iterations": 3000,
      "full_mean": 7.87278024169306e-05,
      "full_median": 7.874984294176102e-05,
      "full_std_dev": 1.6137098735828229e-06,
      "compile_mean": 7.325617705161373e-05,
      "compile_median": 7.312465459108353e-05,
      "compile_std_dev": 8.190661381874472e-07,
      "exec_mean": 4.812757795055707e-06,
      "exec_median": 4.792120307683945e-06,
      "exec_std_dev": 1.7350632830551117e-07,
      "ops_per_sec": 12701.993060903065,
      "compile_time_ms": 0.07325617705161373,
      "exec_time_ms": 0.004812757795055707,
      "overhead_time_ms": 0.0006588675702611652
    },
    {
      "name": "Let with Computation",
      "category": "let",
      "expression": "(let ((x (* 5 5)) (y (+ 10 10)) (z (- 30 5))) (* x y z))",
      "iterations": 3000,
      "full_mean": 9.52885338726143e-05,
      "full_median": 9.520817548036575e-05,
      "full_std_dev": 1.5430701491794854e-06,
      "compile_mean": 8.683192093546192e-05,
      "compile_median": 8.670799434185028e-05,
      "compile_std_dev": 9.953317644014388e-07,
      "exec_mean": 8.30744734654824e-06,
      "exec_median": 8.333008736371994e-06,
      "exec_std_dev": 2.5659997014522947e-07,
      "ops_per_sec": 10494.442084048032,
      "compile_time_ms": 0.08683192093546192,
      "exec_time_ms": 0.008307447346548239,
      "overhead_time_ms": 0.0001491655906041417
    },
    {
      "name": "List Creation (5)",
      "category": "lists",
      "expression": "(list 1 2 3 4 5)",
      "iterations": 5000,
      "full_mean": 2.8022387158125638e-05,
      "full_median": 2.7957838028669357e-05,
      "full_std_dev": 5.71650479847534e-07,
      "compile_mean": 2.495918311178684e-05,
      "compile_median": 2.491706982254982e-05,
      "compile_std_dev": 4.0762209723770585e-07,
      "exec_mean": 3.3598022535443305e-06,
      "exec_median": 3.334134817123413e-06,
      "exec_std_dev": 1.762453164395869e-07,
      "ops_per_sec": 35685.753478358834,
      "compile_time_ms": 0.02495918311178684,
      "exec_time_ms": 0.0033598022535443303,
      "overhead_time_ms": -0.0002965982072055326
    },
    {
      "name": "List Creation (10)",
      "category": "lists",
      "expression": "(list 1 2 3 4 5 6 7 8 9 10)",
      "iterations": 5000,
      "full_mean": 4.392041563987732e-05,
      "full_median": 4.38750721514225e-05,
      "full_std_dev": 8.92337000451636e-07,
      "compile_mean": 4.010239001363516e-05,
      "compile_median": 4.00422140955925e-05,
      "compile_std_dev": 5.226735505169823e-07,
      "exec_mean": 4.280735738575458e-06,
      "exec_median": 4.250090569257736e-06,
      "exec_std_dev": 9.65886768820252e-08,
      "ops_per_sec": 22768.45483884845,
      "compile_time_ms": 0.04010239001363516,
      "exec_time_ms": 0.0042807357385754585,
      "overhead_time_ms": -0.00046271011233329357
    },
    {
      "name": "List Creation (20)",
      "category": "lists",
      "expression": "(list 1 2 3 4 5 6 7 8 9 10 11 12 13 14 15 16 17 18 19 20)",
      "iterations": 3000,
      "full_mean": 7.671623816713691e-05,
      "full_median": 7.65831209719181e-05,
      "full_std_dev": 1.0256329067599337e-06,
      "compile_mean": 7.215140387415886e-05,